Pais ;Individuo ;B.T;E.T;L.F;H.F;M.T;E;MA.E;M.F;M.P;MI.E;P.F;L
Panama;1;5.43;5.929;1210.1;3822.1;5.48;100.8;4.105;3531.4;90.8;1.544;3531.4;86
Panama;1;5.939;6.456;1185;3617.3;5.979;100;4.193;3273;90.5;1.594;3273;89
Panama;1;10.023;10.548;1210.1;3969.1;10.101;98.7;4.118;1636.5;86.6;1.895;1636.5;91
Panama;1;10.565;11.259;1344.5;3492.5;10.594;99.1;4.084;3186.9;89.8;1.49;3186.9;119
Panama;1;11.276;11.884;1075.6;3554.9;11.401;98.9;3.963;3100.8;88.9;1.508;3100.8;105
Panama;1;15.256;15.756;1496.8;3866.7;15.337;99.2;3.947;3186.9;87.2;1.804;3186.9;86
Panama;1;15.781;16.483;1344.5;3742;15.819;98.7;4.17;3186.9;90.5;1.4;3186.9;121
Panama;1;18.295;18.787;1372.1;3617.3;18.367;98.4;4.345;3273;86.8;1.327;3273;85
Panama;1;18.81;19.456;1372.1;3804.4;18.826;95;4.248;3273;84.3;1.659;3273;111
Panama;1;21.069;21.712;1185;3742;21.142;100.6;4.61;3445.3;90.5;1.783;3445.3;111
Panama;1;24.647;25.447;1247.3;3866.7;24.729;101.7;4.425;3445.3;89.5;1.681;3445.3;138
Panama;1;25.473;26.148;1247.3;3617.3;25.646;98.8;4.22;3100.8;91.1;1.401;3100.8;116
Panama;1;27.81;28.416;1344.5;3617.3;27.905;101.4;4.314;1636.5;90.7;1.978;1636.5;105
Panama;1;30.786;31.424;1247.3;3929.1;30.871;103.7;4.284;1636.5;92.2;1.564;1636.5;110
Panama;1;31.453;32.193;1185;3430.2;31.597;98.6;4.502;3186.9;89.4;1.638;3186.9;127
Panama;1;33.107;33.607;1309.7;3679.6;33.187;101.2;3.899;1636.5;91.3;1.567;1636.5;86
Panama;1;33.624;34.271;1309.7;3742;33.773;97.1;3.759;3186.9;83.5;1.533;3186.9;111
Panama;1;36.537;37.219;1496.8;3804.4;36.6;100.3;4.184;1636.5;89.2;1.8;1636.5;117
Panama;1;37.238;37.867;1434.4;3742;37.367;98.3;4.26;3186.9;87.9;1.386;3186.9;109
Panama;2;568;3.579;1176;3558.7;75;93.3;3.802;1464.3;82.3;2.249;1464.3;52
Panama;2;36.395;8.579;882;3331.3;499;98.3;4.066;2842.4;84.8;1.974;2842.4;85
Panama;2;1.701;2.193;1269.1;3807.2;1.736;103.4;3.907;3359.2;90.9;1.524;3359.2;84
Panama;2;2.2;2.806;1176;3569.2;2.328;97.8;4.256;2928.5;85.1;1.723;2928.5;105
Panama;2;2.809;329;951.8;3331.3;2.908;95.9;4.307;1378.1;83.1;1.831;1378.1;84
Panama;2;4.087;4.563;1031.1;3807.2;4.168;104.3;4.26;1636.5;92.2;1.536;1636.5;82
Panama;2;4.578;51.744;980;3569.2;4.673;101;4.399;2928.5;88.8;1.584;2928.5;103
Panama;2;5.187;5.734;1031.1;3172.7;5.329;99.3;4.284;1464.3;87.7;1.702;1464.3;94
Panama;2;6.327;6.814;1274;3807.2;6.426;106.4;3.764;1550.4;93.3;2.045;1550.4;83
Panama;2;6.818;7.334;1176;3648.6;6.943;99.3;4.26;2928.5;87.5;1.792;2928.5;89
Panama;2;7.387;8.047;1078;3252;7.529;98.3;4.137;1464.3;88.1;1.676;1464.3;114
Panama;2;8.497;9.114;980;3965.8;8.562;106.2;4.55;3359.2;93.9;2.072;3359.2;107
Panama;2;9.12;9.818;1427.7;3648.6;9.143;99.6;4.39;3014.6;86.9;1.653;3014.6;120
Panama;2;10.321;10.803;1176;3807.2;10.426;105.6;4.208;1550.4;92.9;1.954;1550.4;84
Panama;2;10.818;11.499;1078;3489.9;10.931;101.3;4.307;3014.6;90.1;1.662;3014.6;118
Panama;2;12.357;12.825;1078;3965.8;12.452;105.2;4.039;1550.4;91.9;1.913;1550.4;81
Panama;2;12.848;13.41;1044.5;3648.6;12.968;100;4.407;3014.6;87.6;1.682;3014.6;97
Panama;2;14.359;14.876;928.4;3886.5;14.431;104.9;4.567;3359.2;95.1;1.901;3359.2;89
Panama;2;14.879;15.456;928.4;3648.6;14.919;98;4.445;2842.4;84.2;2.282;2842.4;99
Panama;2;16.281;16.792;1269.1;3807.2;16.446;103.6;4.244;1464.3;91;1.599;1464.3;88
Panama;3;3.301;8.642;1070.4;3318.2;459;116.3;3.924;1550.4;107.1;1.251;1550.4;92
Panama;3;8.642;1.417;909.8;3157.6;987;108.8;4.12;1550.4;95.8;1.921;1550.4;96
Panama;3;1.446;2.087;1177.4;3318.2;1.596;108.9;3.96;1550.4;96.8;1.521;1550.4;110
Panama;3;3.447;3.932;1123.9;3816.3;3.541;114.7;4.333;1636.5;104.3;1.561;1636.5;84
Panama;3;3.965;4.523;1014.6;3246.6;4.098;109.5;3.905;3014.6;97.7;2.088;3014.6;96
Panama;3;4.557;5.135;1060.1;3816.3;4.685;110.3;4.292;3014.6;98.9;2.16;3014.6;99
Panama;3;5.159;5.82;954.1;3180.3;5.283;110;4.331;1464.3;99.2;2.111;1464.3;114
Panama;3;7.098;7.613;954.1;3604.3;7.21;115.3;4.117;1636.5;105.9;1.553;1636.5;89
Panama;3;8.249;8.991;954.1;3498.3;8.382;109.1;4.216;1550.4;98.6;1.536;1550.4;128
Panama;3;10.048;10.582;1060.1;3710.3;10.17;115.4;4.138;1550.4;104.9;1.414;1550.4;92
Panama;3;10.597;11.199;1060.1;3498.3;10.722;110.6;4.432;1550.4;99.4;1.685;1550.4;104
Panama;3;12.33;12.835;954.1;3922.4;12.434;115.4;4.524;1550.4;104.8;1.445;1550.4;87
Panama;3;12.84;13.418;1060.1;3392.3;13.009;111.5;4.101;1464.3;100.1;1.783;1464.3;99
Panama;3;13.432;14.069;1166.1;3498.3;13.543;109.2;4.093;1550.4;97;1.462;1550.4;109
Panama;3;14.989;15.456;954.1;3816.3;15.064;115.3;4.289;1636.5;105.2;1.454;1636.5;80
Panama;3;16.048;16.626;954.1;3604.3;16.196;111.1;4.403;1464.3;100.2;1.595;1464.3;100
Panama;3;16.655;17.335;848.1;3392.3;16.788;111.6;4.457;1464.3;101.3;1.516;1464.3;117
Panama;3;18.009;18.611;848.1;3498.3;18.129;117;4.364;1550.4;107.1;1.405;1550.4;104
Panama;3;18.66;19.408;1166.1;3180.3;18.855;111.2;04.05;1378.1;100.5;1.641;1378.1;129
Panama;3;20.272;20.762;1060.1;3710.3;20.352;114.1;3.947;1636.5;103.6;1.504;1636.5;84
Panama;4;11.822;12.363;1198.4;3150;11.865;102.8;4.102;1464.3;92.7;1.663;1464.3;93
Panama;4;5.353;8.875;1301.1;4485.3;563;102.5;3.875;2928.5;94.4;1.999;2928.5;60
Panama;4;9.172;1.397;1266.8;3492.4;1.033;112.7;3.787;1550.4;102.8;1.289;1550.4;82
Panama;4;1.421;2.158;1129.9;3492.4;1.579;106.9;04.07;2928.5;96.3;1.475;2928.5;127
Panama;4;2.287;2.77;1232.6;3971.7;2.345;111.1;3.865;3445.3;99.9;1.467;3445.3;83
Panama;4;2.783;3.247;1129.9;3458.2;2.85;102.6;3.597;2928.5;93.8;1.986;2928.5;80
Panama;4;3.523;3.967;1095.7;3458.2;3.628;109.4;3.69;3014.6;100.7;1.474;3014.6;76
Panama;4;3.974;4.731;1027.2;3218.5;4.005;105.3;4.128;2928.5;93.7;1.598;2928.5;131
Panama;4;12.981;1.325;1266.8;3458.2;13.102;107.9;3.413;2928.5;97.4;1.753;2928.5;46
Panama;4;4.765;5.217;1164.1;3423.9;5.021;112.6;3.656;3014.6;99.4;1.478;3014.6;78
Panama;4;5.518;5.926;897.4;3423.9;5.642;105.1;3.648;3014.6;95.7;1.776;3014.6;70
Panama;4;5.592;5.748;256.4;3589.5;5.642;104;3.263;3014.6;95.7;1.909;3014.6;27
Panama;4;5.931;6.405;1301.1;3355.4;6.026;111.3;3.551;1550.4;100;1.345;1550.4;82
Panama;4;6.42;6.747;1198.4;3115.8;6.565;99.8;3.439;1378.1;89.3;1.967;1378.1;56
Panama;4;11.384;11.803;1129.9;3115.8;11.511;105.4;3.342;2842.4;96.3;1.518;2842.4;72
Panama;4;7.192;7.756;1410.2;3663.6;7.221;109.6;3.965;3359.2;96.8;1.678;3359.2;97
Panama;4;7.785;8.211;1403.8;3013;7.866;98.3;3.303;2756.2;90.4;1.327;2756.2;73
Panama;4;8.245;8.748;1282;3252.7;8.4;111.7;3.681;1550.4;100.5;1.573;1550.4;87
Panama;4;10.036;10.587;1129.9;3423.9;10.194;114.4;3.905;1464.3;101.5;1.665;1464.3;95
Panama;4;10.596;11.002;1095.7;3184.2;10.722;106.6;3.641;2928.5;94.9;1.476;2928.5;70
Panama;5;15.483;2.893;1135.9;4009.1;1.678;98.9;1.616;1636.5;83.4;3.878;1636.5;232
Panama;5;3.542;4.734;1202.7;3675;3.669;97.1;1.431;1722.7;85.6;3.791;1722.7;205
Panama;5;6.137;7.118;1336.4;3474.5;6.42;95.9;1.399;1550.4;81.4;3.468;1550.4;169
Panama;5;7.154;7.816;1202.7;3808.6;7.245;94.4;1.789;1636.5;81.5;3.91;1636.5;114
Panama;5;8.77;9.391;1002.3;3741.8;8.812;91.4;1.838;1550.4;79.4;4.239;1550.4;107
Panama;5;9.784;10.458;1135.9;3741.8;9.996;94.8;1.592;1550.4;81.9;3.874;1550.4;116
Panama;5;12.74;13.413;1135.9;3741.8;12.939;94.5;1.507;1550.4;80.8;4.199;1550.4;116
Panama;5;13.444;13.948;1002.3;3675;13.642;93.4;1.606;1550.4;83.7;3.761;1550.4;86
Panama;5;18.922;19.585;935.5;3608.2;19.18;94.1;1.806;1550.4;81.6;4.244;1550.4;114
Panama;5;19.626;20.31;1269.5;3675;20.004;92.6;1.629;1722.7;80.1;3.923;1722.7;117
Panama;5;21.179;21.765;1269.5;3741.8;21.38;96.7;1.589;1550.4;87.5;4.042;1550.4;101
Panama;5;25.421;26.32;1269.5;3741.8;25.594;94.1;1.623;1550.4;83.5;4.394;1550.4;155
Panama;5;32.333;33.073;1135.9;3608.2;32.52;95.5;1.545;1550.4;83.1;3.759;1550.4;128
Panama;5;33.828;34.342;1202.7;3541.4;33.924;90.4;1.342;1550.4;82;3.732;1550.4;88
Panama;5;35.246;35.94;1069.1;3942.3;35.445;97;1.668;1550.4;87;3.828;1550.4;120
Panama;5;46.114;46.931;1069.1;3741.8;46.631;95.5;1.384;1550.4;82.5;4.472;1550.4;141
Panama;5;64.441;65.011;1069.1;3875.5;64.604;92.7;1.442;1550.4;81.2;4.514;1550.4;98
Panama;5;66.634;67.137;1135.9;3741.8;66.752;90.8;1.406;1550.4;83.2;4.118;1550.4;87
Panama;5;67.65;68.493;935.5;3407.7;67.767;95.5;1.624;1550.4;84.3;4.307;1550.4;146
Panama;5;69.256;69.775;1002.3;3407.7;69.457;91.8;1.446;1550.4;82.4;4.32;1550.4;89
Panama;6;2.929;7.929;1165;3436.9;0.4;115.6;4.081;1687.5;105;1.13;1687.5;94
Panama;6;8.215;1.364;1165;3436.9;992;107.9;3.605;2906.2;95.7;1.701;2906.2;101
Panama;6;1.407;1.957;1165;3029.1;1.552;109.9;3.352;2906.2;98.2;1.622;2906.2;104
Panama;6;2.625;3.104;815.5;3611.7;2.816;115.9;4.101;1500;103.5;1.489;1500;90
Panama;6;3.118;3.658;1281.6;3669.9;3.291;115;3.512;3000;103.4;1.684;3000;101
Panama;6;3.683;4.468;1048.5;3203.9;3.808;112.1;3.972;3000;99.2;1.517;3000;147
Panama;6;4.955;5.459;1165;3553.4;5.067;116.3;3.744;1593.8;104.4;1.366;1593.8;94
Panama;6;5.476;5.999;1165;3553.4;5.632;111.6;3.405;3000;101.3;1.58;3000;98
Panama;6;6.048;6.649;1223.3;3203.9;6.213;110.1;3.319;2906.2;100.1;1.628;2906.2;112
Panama;6;7.321;7.826;932;3728.2;7.445;115.4;4.022;1593.8;102;1.797;1593.8;95
Panama;6;7.84;8.393;1165;3378.6;7.995;114.8;3.525;3093.8;105.5;1.655;3093.8;103
Panama;6;8.403;9.11;1048.5;3262.1;8.523;112.3;3.915;3000;101.6;1.56;3000;133
Panama;6;9.583;10.093;1106.8;3436.9;9.717;115.5;3.992;1593.8;103.8;551;1593.8;96
Panama;6;1.012;10.66;1165;3203.9;10.261;110.7;3.145;3000;99.9;1.755;3000;101
Panama;6;10.688;11.251;1165;3203.9;10.848;110.3;3.455;2812.5;97.7;1.706;2812.5;105
Panama;6;11.812;12.299;1048.5;3669.9;11.92;116.6;3.674;1687.5;103.4;1.561;1687.5;92
Panama;6;12.32;12.88;1106.8;3378.6;12.469;115.9;3.595;3093.8;107;1.622;3093.8;105
Panama;6;12.889;13.457;1106.8;3553.4;13.013;111.4;3.342;3000;99.8;1.523;3000;107
Panama;6;14.027;14.53;1281.6;3611.7;14.155;115.6;3.921;1593.8;104.1;1.407;1593.8;94
Panama;6;14.548;15.126;1165;3320.4;14.704;110.6;3.581;3000;99.4;1.696;3000;109
Panama;7;3.107;3.549;1029.8;3891.9;3.179;117.4;4.171;1687.5;105.2;1.941;1687.5;83
Panama;7;7.502;1.434;729.7;3810.8;933;115.3;4.176;2906.2;101.8;1.833;2906.2;128
Panama;7;5.77;6.54;810.8;3567.6;5.952;120.5;4.26;2906.2;107.3;1.929;2906.2;145
Panama;7;8.467;9.131;1054.1;3973;8.576;119.6;4.291;1593.8;106.9;1.797;1593.8;125
Panama;7;11.427;12.051;973;3567.6;11.627;121.9;4.257;2812.5;108.4;1.303;2812.5;117
Panama;7;13.586;14.323;1135.1;3810.8;13.749;120.6;4.171;1593.8;109.1;1.641;1593.8;138
Panama;7;16.17;16.867;891.9;3567.6;16.395;122.9;4.205;2906.2;109;1.872;2906.2;130
Panama;7;19.091;19.696;1135.1;4054.1;19.189;120.5;4.106;1593.8;110.4;2.013;1593.8;114
Panama;7;21.381;21.985;1054.1;3567.6;21.472;119.1;4.061;1593.8;109.2;1.448;1593.8;113
Panama;7;23.56;24.204;1054.1;4135.1;23.744;120.3;4.275;1500;109.5;1.465;1500;121
Panama;7;25.95;26.674;1135.1;3648.6;26.096;122.6;4.12;1500;109.6;1.514;1500;136
Panama;7;28.531;29.215;1054.1;3973;28.629;123.4;3.997;1593.8;111.6;1.913;1593.8;128
Panama;7;31.413;32.123;973;3729.7;31.52;123.8;4.164;1593.8;112.1;1.736;1593.8;133
Panama;7;33.842;34.486;1135.1;3891.9;33.936;123.2;4.221;1593.8;112;1.785;1593.8;121
Panama;7;36.307;36.998;973;3810.8;36.453;122.2;4.566;1593.8;111.7;1.66;1593.8;130
Panama;7;39.716;40.44;1054.1;3810.8;39.92;118.8;4.404;1500;104.8;1.856;1500;136
Panama;8;951;1.531;1177.4;3264.7;1.184;110;3.936;3014.6;97.8;1.892;3014.6;100
Panama;8;3.349;3.782;1338;3639.3;3.448;114.6;4.175;1636.5;104.3;1.579;1636.5;74
Panama;8;4.343;4.75;1177.4;3104.1;4.476;104.2;3.954;1464.3;92.6;2.319;1464.3;70
Panama;8;6.311;6.757;1284.5;3639.3;6.403;117.1;4.136;1636.5;105.2;1.284;1636.5;77
Panama;8;6.791;7.277;1230.9;3104.1;6.925;108.7;3.649;3014.6;97.4;1.797;3014.6;84
Panama;8;7.331;7.747;1230.9;3211.2;7.465;101.8;4.103;2928.5;91.7;2.124;2928.5;72
Panama;8;8.743;9.143;1230.9;2943.6;8.835;111.1;3.559;1550.4;101.3;1.778;1550.4;69
Panama;8;1.577;2.013;1123.9;2890;1.736;106;3.754;1464.3;96.5;1.492;1464.3;75
Panama;8;573;9.495;1445;3425.2;691;112.7;3.79;1636.5;102.6;1.352;1636.5;65
Panama;8;9.182;9.579;1177.4;3104.1;9.329;104.2;3.871;1464.3;93.7;1.838;1464.3;69
Panama;9;813;6.611;1338;3425.2;412;115.1;4.145;2928.5;102.2;1.393;2928.5;99
Panama;9;2.712;3.179;1123.9;3853.4;2.746;114.8;4.349;3789.8;103.4;1.778;3789.8;80
Panama;9;15.586;16.165;1016.9;3343.1;15.702;117.5;3.99;3186.9;104.9;1.716;3186.9;100
Panama;9;4.076;4.539;1123.9;3639.3;4.116;113.2;4.161;3359.2;99.4;2.012;3359.2;79
Panama;9;7.447;7.91;1177.4;3746.4;7.541;116.2;4.53;1722.7;103.3;02.02;1722.7;79
Panama;9;11.452;12.031;1230.9;4067.5;11.488;118.7;4.319;3703.7;107.3;2.108;3703.7;100
Panama;9;12.077;12.682;1123.9;3746.4;12.26;119.5;4.081;2842.4;107.2;2.063;2842.4;104
Panama;9;17.442;18.057;1284.5;3585.8;17.49;115.6;4.221;3445.3;102.4;1.88;3445.3;106
Panama;9;20.592;21.213;1123.9;3853.4;20.817;114.9;4.514;1464.3;100.2;1.896;1464.3;107
Panama;9;22.388;22.866;1138.1;2987.4;22.581;111.6;3.746;2756.2;99.5;1.707;2756.2;83
Panama;9;22.896;23.466;1138.1;2916.3;23.005;108.6;3.719;2670.1;98;1.072;2670.1;98
Panama;9;24.665;25.178;1193.8;3862.3;24.764;115.3;4.305;1636.5;100.9;1.687;1636.5;89
Panama;9;25.183;25.794;1193.8;3300.5;25.333;112.9;3.533;2756.2;100.6;1.583;2756.2;105
Panama;9;26.291;26.836;1053.3;3511.1;26.407;113.4;4.108;2928.5;101.5;1.759;2928.5;93
Panama;9;26.856;27.344;1123.6;3511.1;27.005;113.8;3.822;1464.3;100.7;1.787;1464.3;84
Panama;9;27.375;27.914;1264;3300.5;27.458;112.1;3.894;3014.6;101.4;1.629;3014.6;93
Panama;9;27.928;28.65;1193.8;3089.8;28.038;113.2;3.954;3014.6;101.5;1.722;3014.6;124
Panama;9;30.112;30.845;842.7;3160;30.296;111.3;4.22;2928.5;98.2;1.571;2928.5;126
Panama;9;32.555;33.094;1123.6;3370.7;32.612;110.1;3.791;2928.5;97.1;1.979;2928.5;93
Panama;10;1.916;2.402;1222.9;3860.1;2.049;103.2;3.868;1550.4;89.9;2.144;1550.4;83
Panama;10;3.106;3.865;1135.3;3103.2;3.245;98.5;4.182;1464.3;85.8;1.827;1464.3;130
Panama;10;5.041;5.542;1059.6;3481.6;5.195;103.4;4.031;1550.4;89.8;2.267;1550.4;86
Panama;10;6.119;6.878;1059.6;3178.9;6.235;99.6;4.177;1464.3;86.6;1.85;1464.3;130
Panama;10;7.967;8.483;1135.3;3633;8.098;104.7;4.023;1636.5;90.5;1.685;1636.5;89
Panama;10;10.648;11.305;1286.7;3481.6;10.913;105.2;4.23;1550.4;90.7;1.625;1550.4;113
Panama;10;14.092;14.624;983.9;3633;14.274;104.1;4.124;1550.4;90.9;2.102;1550.4;92
Panama;10;16.834;17.39;1135.3;3481.6;17.049;104.9;4.235;1464.3;92.1;1.695;1464.3;95
Panama;10;17.914;18.595;1211;3103.2;18.112;99.9;4.11;1464.3;87.8;1.669;1464.3;117
Panama;10;19.594;20.118;1211;3557.3;19.778;105;4.116;1550.4;93;1.843;1550.4;90
Panama;10;20.65;21.3;1211;3103.2;20.875;99.5;4.126;1464.3;86.2;2.046;1464.3;112
Panama;10;22.216;22.771;1135.3;3406;22.419;105.9;4.189;1550.4;92.7;1.448;1550.4;95
Panama;10;23.386;24.13;1286.7;3103.2;23.574;100.3;04.05;1464.3;88.5;1.721;1464.3;128
Panama;10;26.185;26.772;1211;3254.6;26.297;101.7;4.105;1464.3;90;1.548;1464.3;101
Panama;10;28.816;29.505;1211;3027.5;29.008;99.7;4.165;1464.3;89;1.627;1464.3;118
Panama;10;30.583;31.146;1135.3;3708.7;30.714;106.6;4.517;1550.4;97.2;1.694;1550.4;97
Panama;10;34.692;35.389;983.9;3103.2;34.83;99.4;4.309;1464.3;88.5;1.949;1464.3;120
Panama;10;38.544;39.076;1222.9;3935.8;38.696;103.9;4.317;1808.8;91.2;1.995;1808.8;92
Panama;10;40.867;41.349;1324.8;3633;40.977;105.6;3.875;1636.5;93.9;1.502;1636.5;83
Panama;10;43.002;43.594;1059.6;3330.3;43.154;105.2;4.053;1550.4;96.3;1.459;1550.4;102
Colombia;11;1.566;8.773;946.1;2043.6;273;100.4;3.508;1636.5;90.8;1.284;1636.5;125
Colombia;11;2.998;3.85;1097.5;2005.7;3.111;100.9;3.224;1636.5;92.6;1.324;1636.5;147
Colombia;11;9.931;10.383;1173.2;1892.2;10.043;101.9;2.881;1636.5;93.1;1.182;1636.5;78
Colombia;11;11.222;11.669;1021.8;1740.8;11.326;96.3;3.063;1550.4;87.5;1.267;1550.4;77
Colombia;11;13.701;14.202;983.9;1930;13.816;103.3;3.191;1636.5;95.2;1.273;1636.5;86
Colombia;11;15.063;15.506;1059.6;1740.8;15.232;94.2;2.827;1464.3;84.6;1.472;1464.3;77
Colombia;11;17.142;17.683;983.9;1892.2;17.212;104.6;3.057;1636.5;93.9;1.251;1636.5;93
Colombia;11;5.666;6.149;1097.5;1854.4;5.753;99.5;3.048;1636.5;89.5;1.248;1636.5;83
Colombia;11;17.757;18.204;908.3;1665.1;17.821;92.8;2.997;1378.1;83.7;1.435;1378.1;78
Colombia;11;12.338;12.812;1039.4;1656.6;12.37;92.8;2.767;1550.4;83.8;1.296;1550.4;82
Colombia;11;8.265;8.717;1039.4;1754.1;8.388;90;2.834;1464.3;82.1;1.373;1464.3;78
Colombia;12;1.064;1.811;1016.9;3532.3;1.26;108.2;4.275;1550.4;100.2;1.606;1550.4;128
Colombia;12;1.84;2.428;1070.4;3264.7;2.026;110.7;3.626;1550.4;103;1.343;1550.4;101
Colombia;12;2.487;3.222;1284.5;3532.3;2.688;110.4;4.39;1550.4;102.6;1.469;1550.4;127
Colombia;12;3.267;3.744;1177.4;3692.8;3.344;109.7;4.037;1550.4;102.5;1.608;1550.4;83
Colombia;12;5.255;5.861;1016.9;3264.7;5.41;109.2;3.909;1550.4;100.6;1.366;1550.4;104
Colombia;12;8.017;8.881;1016.9;3318.2;8.208;108.8;4.106;1550.4;99.3;1.478;1550.4;148
Colombia;12;9.466;10.248;1230.9;3318.2;9.607;111.4;3.993;3100.8;98.6;1.625;3100.8;135
Colombia;12;11.648;12.315;1123.9;3960.4;11.889;112;4.085;2928.5;99.7;1.602;2928.5;115
Colombia;12;12.35;13.144;1177.4;3425.2;12.504;109.2;4.088;1550.4;99.4;1.581;1550.4;137
Colombia;12;13.179;13.714;1230.9;3639.3;13.259;111.4;3.887;1550.4;99.6;1.508;1550.4;92
Colombia;12;14.57;15.077;1070.4;3853.4;14.675;111.7;3.948;1636.5;101.2;1.779;1636.5;88
Colombia;12;15.972;16.488;1338;3853.4;16.028;110;3.918;1722.7;98.9;1.845;1722.7;89
Colombia;12;16.509;17.357;1230.9;3318.2;16.736;110.6;4.083;1550.4;101;1.36;1550.4;147
Colombia;12;17.379;17.849;1123.9;3853.4;17.479;112.8;4.041;1550.4;102;1.712;1550.4;81
Colombia;12;20.495;21.04;1338;3853.4;20.555;109;4.139;1722.7;98.4;2.091;1722.7;94
Colombia;12;21.077;21.755;1123.9;3371.7;21.258;107.6;4.031;1550.4;94.7;1.947;1550.4;117
Colombia;12;22.806;23.205;1338;3585.8;22.906;108.3;3.593;1550.4;96.7;1.615;1550.4;69
Colombia;12;23.354;24.074;1177.4;3211.2;23.545;110.1;3.484;1550.4;99.3;1.632;1550.4;124
Colombia;12;24.716;25.489;1230.9;3585.8;24.909;109.4;4.259;1550.4;98.8;1.651;1550.4;134
Colombia;12;27.915;28.764;1177.4;3425.2;28.061;107;4.22;1550.4;96;1.588;1550.4;147
Colombia;13;833;1.332;1004.8;3014.4;23.607;100.6;4.172;1378.1;89.7;2.058;1378.1;86
Colombia;13;1.344;2.905;1039.4;3568.8;14.067;108.6;4.279;1378.1;95.9;1.449;1378.1;269
Colombia;13;2.942;3.591;1108.7;3222.3;24.067;106.3;4.141;1378.1;94;1.572;1378.1;112
Colombia;13;3.611;4.363;1108.7;3153;15.678;104.7;4.287;1464.3;91.4;1.642;1464.3;129
Colombia;13;4.393;4.996;1108.7;3222.3;17.968;107;4.24;1378.1;97.1;1.677;1378.1;104
Colombia;13;5.023;5.645;1074.1;3222.3;24.967;100.9;4.134;1378.1;89.6;1.507;1378.1;107
Colombia;13;5.677;6.142;1039.4;3187.6;27.567;102.7;3.756;1378.1;91.3;1.337;1378.1;80
Colombia;13;6.192;7.005;1039.4;3360.9;39.069;105.9;4.305;1378.1;90.8;1.671;1378.1;140
Colombia;13;7.085;7.684;970.2;3153;34.543;107.5;4.097;1378.1;95.9;1.617;1378.1;103
Colombia;13;7.737;8.211;1178;3083.7;15.954;100.4;4.077;1378.1;89.4;1.609;1378.1;82
Colombia;13;8.666;9.261;866.2;3360.9;23.966;108.4;4.53;1464.3;97;1.66;1464.3;103
Colombia;13;9.303;9.948;1074.1;3291.6;27.087;101.9;4.259;1378.1;88.7;1.817;1378.1;111
Colombia;13;10.009;10.623;970.2;3222.3;12.956;107.7;4.178;1378.1;95.8;1.614;1378.1;106
Colombia;13;10.675;11.297;1074.1;3153;13.956;100.8;4.319;1378.1;90.1;1.647;1378.1;107
Colombia;13;11.328;11.888;1074.1;3360.9;26.858;108.1;4.141;1378.1;95.7;1.497;1378.1;97
Colombia;13;11.957;12.514;1039.4;3291.6;32.456;101.4;4.198;1378.1;90.9;1.745;1378.1;96
Colombia;13;12.548;13.281;1074.1;3222.3;10.385;104.9;4.207;1464.3;92.4;1.379;1464.3;126
Colombia;13;13.368;13.852;1039.4;3153;9.486;109;3.973;1378.1;98.9;1.452;1378.1;84
Colombia;13;15.415;16.018;1074.1;3049;12.385;100.3;4.101;1378.1;89.3;1.729;1378.1;104
Colombia;13;16.067;16.67;1039.4;3326.2;16.485;108.4;4.013;1378.1;96.1;1.448;1378.1;104
Colombia;14;4.936;01.08;1127;3969;0.58;106;4.489;1808.8;94;1.341;1808.8;101
Colombia;14;1.098;1.685;1127;3675;1.173;104.9;4.35;1722.7;90.8;1.363;1722.7;101
Colombia;14;2.424;2.989;1127;3822;2.583;109.1;4.275;1550.4;97.9;1.379;1550.4;97
Colombia;14;3.011;3.732;1323;3920;3.088;111.6;4.37;1722.7;98.4;1.683;1722.7;124
Colombia;14;4.239;4.839;1421;3773;4.331;111;4.042;1808.8;99.4;1.548;1808.8;103
Colombia;14;4.853;5.449;1225;3528;4.917;111.6;3.997;1722.7;98.7;1.572;1722.7;102
Colombia;14;8.794;9.568;1176;3430;9.056;107.8;4;1550.4;93.9;1.866;1550.4;134
Colombia;14;9.777;10.341;1225;4067;9.897;110.5;4.454;1636.5;100.4;1.488;1636.5;97
Colombia;14;10.364;11.066;1127;3626;10.42;108.3;4.197;1636.5;96.9;1.502;1636.5;121
Colombia;14;11.518;12.114;1127;3724;11.645;110.1;4.145;1722.7;100.1;1.516;1722.7;102
Colombia;14;12.123;12.826;1127;3675;12.208;113;4.221;1722.7;100;1.74;1722.7;121
Colombia;14;13.337;13.91;1176;3969;13.45;113.3;4.248;1722.7;101.2;1.887;1722.7;99
Colombia;14;13.955;14.537;1078;3626;14.019;113.5;4.166;1722.7;101.2;1.647;1722.7;100
Colombia;14;15.01;15.62;1225;3920;15.093;113.7;4.333;3703.7;102.3;1.665;3703.7;105
Colombia;14;15.638;16.349;1372;3724;15.906;110.2;4.401;1550.4;97.5;1.607;1550.4;123
Colombia;14;16.89;17.419;1078;3822;16.98;110.8;4.183;1722.7;97.9;1.8;1722.7;91
Colombia;14;19.429;20.011;1078;3724;19.511;112.9;4.233;1636.5;99.7;1.475;1636.5;101
Colombia;14;20.667;21.218;1176;3773;20.77;113;3.967;1722.7;101.1;1.579;1722.7;95
Colombia;14;21.263;22.101;1029;3724;21.333;111.9;4.361;1722.7;98.6;1.521;1722.7;145
Colombia;14;22.409;23.019;1225;3920;22.459;112.1;4.266;3703.7;99.7;1.87;3703.7;105
Colombia;15;7.189;1.242;1123.9;3425.2;789;95.5;4.312;1464.3;86.4;1.978;1464.3;91
Colombia;15;1.251;1.863;1177.4;3050.6;1.265;86.9;4.009;1464.3;75.6;1.758;1464.3;106
Colombia;15;1.894;2.529;1230.9;3050.6;2.067;88.8;4.107;1378.1;77.3;1.82;1378.1;109
Colombia;15;3.293;3.812;1123.9;3425.2;3.373;94.1;4.368;1464.3;85.1;1.991;1464.3;89
Colombia;15;4.464;5.077;963.3;2997.1;4.505;90.2;4.22;2756.2;76;2.197;2756.2;105
Colombia;15;5.842;6.308;1338;3318.2;5.921;94.4;4.255;1464.3;85.4;1.852;1464.3;80
Colombia;15;8.39;8.931;1230.9;3371.7;8.504;95.2;4.271;1464.3;84.6;1.773;1464.3;93
Colombia;15;8.944;9.442;1070.4;3157.6;8.98;90;4.315;2756.2;78;2.432;2756.2;86
Colombia;15;9.459;9.978;1016.9;2890;9.543;86;4.147;2670.1;73.1;2.241;2670.1;90
Colombia;15;11.322;11.877;1230.9;3425.2;11.436;96.7;4.304;1464.3;88.1;1.629;1464.3;96
Colombia;15;11.89;12.374;1016.9;3211.2;11.912;88;4.275;1464.3;77.2;2.017;1464.3;83
Colombia;15;12.436;13.075;1070.4;3050.6;12.545;89.1;4.105;2670.1;76;1.926;2670.1;110
Colombia;15;13.811;14.34;1016.9;3264.7;13.915;96.6;4.184;1464.3;87.4;1.677;1464.3;91
Colombia;15;14.362;14.961;1016.9;3104.1;14.408;91;4.289;1464.3;78.8;1.884;1464.3;103
Colombia;15;18.582;19.105;1177.4;3371.7;18.675;95.9;4.377;1464.3;86.6;1.61;1464.3;90
Colombia;15;19.132;19.651;1177.4;2997.1;19.133;87;4.106;1464.3;77;1.769;1464.3;90
Colombia;15;21.388;21.899;1070.4;3318.2;21.49;97.7;4.349;1464.3;88.3;1.814;1464.3;88
Colombia;15;21.925;22.431;1177.4;3318.2;21.949;91.7;4.078;1464.3;79.5;1.83;1464.3;87
Colombia;15;22.471;23.07;1070.4;3585.8;22.558;95.1;4.537;1464.3;85.7;1.802;1464.3;103
Colombia;15;23.225;23.727;1123.9;3264.7;23.33;95.1;4.093;1464.3;83.2;1.523;1464.3;86
Colombia;16;1.616;2.222;1362.4;3406;1.863;111.9;3.855;1464.3;96.6;1.769;1464.3;104
Colombia;16;2.235;3.094;1286.7;3557.3;2.485;109.3;4.274;2928.5;96.8;1.567;2928.5;148
Colombia;16;3.627;4.22;1211;3481.6;3.698;109.6;3.816;3359.2;94.2;1.692;3359.2;103
Colombia;16;4.251;4.844;983.9;3481.6;4.476;108.8;3.983;2928.5;97.3;1.656;2928.5;102
Colombia;16;5.419;5.986;1059.6;3557.3;5.468;109.8;3.889;3359.2;96.2;1.412;3359.2;98
Colombia;16;06.03;6.628;1135.3;3254.6;6.095;105.9;4.131;3014.6;92.2;1.914;3014.6;103
Colombia;16;6.738;7.31;983.9;3103.2;6.931;104.9;3.961;1464.3;92.5;1.497;1464.3;99
Colombia;16;7.848;8.42;1135.3;3633;8.063;108.6;3.565;2928.5;95.4;1.814;2928.5;98
Colombia;16;8.446;09.07;993.1;3376.5;8.707;108.5;3.906;2842.4;94.6;1.859;2842.4;107
Colombia;16;9.148;9.602;1092.4;3475.9;9.352;109.1;3.618;2842.4;96.5;2.012;2842.4;79
Colombia;16;10.982;11.522;1191.7;3177.9;11.227;109.2;3.657;2842.4;96.8;1.517;2842.4;94
Colombia;16;10.419;10.925;1191.7;3873.1;10.501;111.1;4.092;3359.2;98.3;1.687;3359.2;88
Colombia;16;11.623;12.168;893.8;3376.5;11.842;110.7;3.787;2928.5;98.1;1.78;2928.5;94
Colombia;16;13.123;13.725;1092.4;3475.9;13.346;111.4;4.056;2928.5;97.4;1.441;2928.5;104
Colombia;16;13.764;14.191;893.8;3376.5;14.031;111.5;3.825;2756.2;96.9;1.816;2756.2;73
Colombia;16;14.414;15.125;695.2;3177.9;14.634;111.5;4.027;2928.5;96.3;1.874;2928.5;122
Colombia;16;15.232;15.82;695.2;3277.2;15.476;109.5;4.133;2842.4;96.1;1.971;2842.4;102
Colombia;16;16.422;16.985;893.8;3873.1;16.649;114.1;4.019;2928.5;101.2;1.396;2928.5;97
Colombia;16;17.042;17.548;893.8;3475.9;17.241;113.2;3.998;2928.5;100.9;1.551;2928.5;87
Colombia;17;1.238;1.919;1338;3741.8;1.329;99.1;4.459;1636.5;90.1;1.456;1636.5;117
Colombia;17;3.472;3.923;1391.5;4075.9;3.553;96.5;4.573;1636.5;84.6;1.629;1636.5;77
Colombia;17;8.33;9.148;1445;3799.9;8.481;100.8;4.351;1636.5;90.3;1.403;1636.5;140
Colombia;17;5.988;6.525;1269.5;3808.6;6.084;105.2;4.432;1636.5;96.2;1.315;1636.5;93
Colombia;17;6.69;7.193;1135.9;3541.4;6.774;98.5;4.485;1550.4;91.4;1.345;1550.4;87
Colombia;17;12.166;12.659;1403.2;3541.4;12.219;93.9;4.239;1550.4;86.9;1.42;1550.4;85
Colombia;17;14.19;14.799;1403.2;3942.3;14.309;99.2;4.45;1636.5;89.9;1.442;1636.5;105
Colombia;17;14.94;15.491;1135.9;3474.5;15.017;93;4.504;1636.5;86;1.572;1636.5;95
Colombia;17;16.324;16.791;1269.5;4075.9;16.457;98.6;4.624;1636.5;90.9;1.464;1636.5;80
Colombia;17;18.77;19.394;1202.7;3942.3;18.901;99;4.628;1636.5;89.3;1.459;1636.5;108
Colombia;17;21.363;21.993;1202.7;3942.3;21.449;102.2;4.636;1722.7;94;1.418;1722.7;108
Colombia;17;26.178;26.656;1269.5;3741.8;26.355;101.3;4.402;1550.4;90.8;1.46;1550.4;82
Colombia;17;31.165;31.626;735;2539.1;31.289;100.6;4.034;1550.4;90;1.274;1550.4;80
Colombia;17;38.246;38.655;1069.1;2806.4;38.365;99.9;3.839;1550.4;88.8;1.29;1550.4;71
Colombia;18;798;1.356;1059.6;3633;0.9;118.5;4.095;1550.4;108.8;1.337;1550.4;96
Colombia;18;7.779;8.365;983.9;3481.6;7.941;114;4.339;1550.4;104;1.692;1550.4;101
Colombia;18;7.134;7.745;983.9;3784.4;7.274;117.3;4.056;1550.4;107.4;1.34;1550.4;105
Colombia;18;9.296;9.865;983.9;3784.4;9.41;118.1;4.546;1550.4;108.9;1.315;1550.4;98
Colombia;18;11.235;11.922;983.9;3406;11.378;114.1;4.368;1550.4;105.3;1.337;1550.4;118
Colombia;18;15.618;16.458;756.9;3481.6;15.732;105.7;4.514;1550.4;95.1;1.398;1550.4;145
Colombia;18;20.119;20.713;1135.3;3633;20.254;112.1;4.127;1550.4;103.2;1.4;1550.4;103
Colombia;18;28.25;28.878;1059.6;3860.1;28.398;118.5;4.343;1550.4;107.6;1.484;1550.4;108
Colombia;18;31.789;32.366;1135.3;3557.3;31.858;116.3;4.354;1550.4;107.8;1.352;1550.4;99
Colombia;18;34.111;35.096;1059.6;3784.4;34.232;117;4.531;1550.4;107;1.294;1550.4;169
Colombia;18;35.962;36.319;1059.6;3481.6;36.049;116.2;4.173;1550.4;106.2;1.378;1550.4;61
Colombia;19;3.045;3.659;1124.4;3448.2;3.111;102.8;4.317;1636.5;92.6;1.652;1636.5;106
Colombia;19;5.648;6.25;824.6;3523.1;5.753;102.2;4.538;1636.5;89.5;2.053;1636.5;103
Colombia;19;9.962;10.513;1059.6;3708.7;10.043;104.4;4.599;1636.5;93.1;2.111;1636.5;95
Colombia;19;11.24;11.823;1135.3;3254.6;11.326;100.1;4.264;1550.4;87.5;1.837;1550.4;100
Colombia;19;13.723;14.243;1059.6;3557.3;13.816;105.4;4.48;1636.5;95.2;1.746;1636.5;89
Colombia;19;17.141;17.731;1135.3;3633;17.212;105.8;4.352;1636.5;93.9;1.407;1636.5;102
Colombia;19;15.005;15.631;1211;3330.3;15.215;99.9;4.004;2928.5;86.5;1.777;2928.5;108
Colombia;19;14.278;14.723;1059.6;3254.6;14.385;98.7;4.057;2842.4;85.1;1.954;2842.4;77
Colombia;19;10.57;11.122;1059.6;3254.6;10.641;99.2;4.012;2928.5;83.5;2.003;2928.5;95
Colombia;19;0.16;6.863;1286.7;3708.7;273;102.9;4.424;1636.5;90.8;1.589;1636.5;91
Colombia;20;6.348;1.245;1070.4;3104.1;888;105;3.932;1378.1;91.2;1.581;1378.1;105
Colombia;20;3.574;4.126;1016.9;3050.6;3.762;104.2;3.546;1378.1;92.9;1.544;1378.1;95
Colombia;20;4.749;5.353;909.8;2997.1;4.905;99.1;3.962;1378.1;88.1;1.773;1378.1;104
Colombia;20;6.044;6.602;963.3;3157.6;6.194;105.4;3.548;1464.3;94.8;1.486;1464.3;96
Colombia;20;8.629;9.026;1070.4;3264.7;8.806;104.7;3.427;1378.1;94.9;1.628;1378.1;68
Colombia;20;11.326;11.827;1230.9;3371.7;11.442;108.5;4.092;1464.3;96;1.668;1464.3;86
Colombia;20;11.861;12.477;1016.9;2836.5;11.981;97;4.086;1378.1;86.7;1.647;1378.1;106
Colombia;20;16.399;16.946;909.8;3531.4;16.55;106.5;4.005;1378.1;94.8;1.716;1378.1;94
Colombia;20;18.935;19.557;1033.6;3359.2;19.081;105.5;3.63;1378.1;95.7;1.516;1378.1;108
Colombia;20;23.867;24.506;1292;3186.9;24.038;106.2;3.384;1378.1;95.5;1.262;1378.1;110
Colombia;20;26.351;26.881;1033.6;3273;26.448;103.9;3.754;1378.1;93.2;1.47;1378.1;91
Colombia;20;28.802;29.326;861.3;3445.3;28.944;105;4.053;1378.1;94;1.447;1378.1;90
Venezuela;21;1.412;1.873;832.6;4314.2;1.538;114;4.542;1550.4;101.8;1.688;1550.4;79
Venezuela;21;1.877;2.44;1211;3481.6;2.003;111.9;4.122;1636.5;101;1.587;1636.5;97
Venezuela;21;2.467;3.304;1135.3;3557.3;2.618;111.6;4.282;1636.5;102.1;1.501;1636.5;144
Venezuela;21;3.589;4.022;1211;4162.8;3.651;113.6;4.291;1636.5;105.3;1.623;1636.5;75
Venezuela;21;4.049;4.734;1211;3557.3;4.18;115.2;3.94;1636.5;105.1;1.567;1636.5;118
Venezuela;21;5.024;5.499;1286.7;4087.1;5.114;113.9;4.231;1636.5;105.3;1.94;1636.5;82
Venezuela;21;5.502;06.05;1135.3;3935.8;5.637;112.7;3.956;1636.5;102.8;1.578;1636.5;95
Venezuela;21;6.454;7.029;1059.6;4465.6;6.536;116;4.412;1636.5;105.8;1.64;1636.5;99
Venezuela;21;7.063;7.614;908.3;3784.4;7.216;115.2;3.964;1636.5;104.3;1.793;1636.5;95
Venezuela;21;8.231;8.688;1211;4465.6;8.324;113.2;4.495;1636.5;105;1.797;1636.5;78
Venezuela;21;8.722;9.396;1135.3;3557.3;8.841;115.4;4.191;1636.5;106.3;1.493;1636.5;116
Venezuela;21;9.841;10.401;1286.7;4087.1;9.927;112.9;4.211;1636.5;105.5;1.901;1636.5;96
Venezuela;21;12.209;12.696;1286.7;3633;12.341;110.5;4.143;1550.4;97.7;1.577;1550.4;84
Venezuela;21;13.113;13.558;1059.6;4238.5;13.235;115.6;4.259;1636.5;106.4;1.656;1636.5;77
Venezuela;21;13.573;14.194;1286.7;3935.8;13.735;111.9;4.163;1722.7;102.3;1.631;1722.7;107
Venezuela;21;14.332;14.929;1059.6;3708.7;14.489;111.9;4.459;1636.5;102;1.631;1636.5;103
Venezuela;21;15.374;15.85;1211;4541.3;15.464;114.1;4.464;1636.5;107.1;1.769;1636.5;82
Venezuela;21;15.853;16.504;1135.3;4011.5;16.01;113.9;4.159;1636.5;105.3;1.426;1636.5;112
Venezuela;21;16.695;17.129;1135.3;4389.9;16.782;116.7;4.091;1636.5;106.8;1.538;1636.5;74
Venezuela;21;17.163;17.703;1059.6;3708.7;17.281;112.5;4.358;1636.5;101.8;1.795;1636.5;93
Venezuela;22;1.412;1.873;832.6;4314.2;1.538;114;4.542;1550.4;101.8;1.688;1550.4;79
Venezuela;22;1.877;2.44;1211;3481.6;2.003;111.9;4.122;1636.5;101;1.587;1636.5;97
Venezuela;22;2.467;3.304;1135.3;3557.3;2.618;111.6;4.282;1636.5;102.1;1.501;1636.5;144
Venezuela;22;3.589;4.022;1211;4162.8;3.651;113.6;4.291;1636.5;105.3;1.623;1636.5;75
Venezuela;22;4.049;4.734;1211;3557.3;4.18;115.2;3.94;1636.5;105.1;1.567;1636.5;118
Venezuela;22;5.024;5.499;1286.7;4087.1;5.114;113.9;4.231;1636.5;105.3;1.94;1636.5;82
Venezuela;22;5.502;06.05;1135.3;3935.8;5.637;112.7;3.956;1636.5;102.8;1.578;1636.5;95
Venezuela;22;6.454;7.029;1059.6;4465.6;6.536;116;4.412;1636.5;105.8;1.64;1636.5;99
Venezuela;22;7.063;7.614;908.3;3784.4;7.216;115.2;3.964;1636.5;104.3;1.793;1636.5;95
Venezuela;22;8.231;8.688;1211;4465.6;8.324;113.2;4.495;1636.5;105;1.797;1636.5;78
Venezuela;22;8.722;9.396;1135.3;3557.3;8.841;115.4;4.191;1636.5;106.3;1.493;1636.5;116
Venezuela;22;9.841;10.401;1286.7;4087.1;9.927;112.9;4.211;1636.5;105.5;1.901;1636.5;96
Venezuela;22;12.209;12.696;1286.7;3633;12.341;110.5;4.143;1550.4;97.7;1.577;1550.4;84
Venezuela;22;13.113;13.558;1059.6;4238.5;13.235;115.6;4.259;1636.5;106.4;1.656;1636.5;77
Venezuela;22;13.573;14.194;1286.7;3935.8;13.735;111.9;4.163;1722.7;102.3;1.631;1722.7;107
Venezuela;22;1.433;14.929;1059.6;3708.7;14.489;111.9;4.459;1636.5;102;1.631;1636.5;103
Venezuela;22;15.374;15.85;1211;4541.3;15.464;114.1;4.464;1636.5;107.1;1.769;1636.5;82
Venezuela;22;15.853;16.504;1135.3;4011.5;16.01;113.9;4.159;1636.5;105.3;1.426;1636.5;112
Venezuela;22;16.695;17.129;1135.3;4389.9;16.782;116.7;4.091;1636.5;106.8;1.538;1636.5;74
Venezuela;22;17.163;17.703;1059.6;3708.7;17.281;112.5;4.358;1636.5;101.8;1.795;1636.5;93
Venezuela;23;8.216;1.395;1498.5;4388.6;906;113.3;4.518;1722.7;104.5;1.843;1722.7;99
Venezuela;23;1.446;2.307;963.3;3960.4;1.463;112.6;4.378;1722.7;99.6;1.952;1722.7;148
Venezuela;23;2.554;3.145;1391.5;4281.6;2.63;113.3;4.17;1722.7;102.9;1.778;1722.7;101
Venezuela;23;3.196;3.809;535.2;3853.4;3.332;112;4.425;1636.5;100.7;1.775;1636.5;106
Venezuela;23;4.701;5.28;1070.4;4281.6;4.783;113.9;4.219;1550.4;103.1;1.495;1550.4;100
Venezuela;23;5.314;593;1284.5;3960.4;5.335;113.2;4.374;1722.7;102.2;1.555;1722.7;107
Venezuela;23;7.276;7.732;1070.4;4281.6;7.349;113.4;4.616;1808.8;102.1;2.227;1808.8;78
Venezuela;23;77.322;8.396;1391.5;4067.5;7.755;112.7;4.422;3445.3;100.6;1.824;3445.3;115
Venezuela;23;9.184;9.651;963.3;4495.6;9.311;113.8;4.811;1808.8;103.6;2.102;1808.8;80
Venezuela;23;9.663;10.321;749.3;3960.4;9.822;113.7;4.514;3445.3;102.4;1.738;3445.3;114
Venezuela;23;11.201;11.707;1177.4;4281.6;11.308;114.5;4.39;1722.7;104.5;1.465;1722.7;87
Venezuela;23;12.613;13.176;1498.5;4709.7;12.707;113.9;4.455;1722.7;103.7;1.726;1722.7;97
Venezuela;23;13.232;13.941;963.3;3960.4;13.259;113.5;4.495;1722.7;101.8;1.732;1722.7;122
Venezuela;23;14.099;14.667;1070.4;4495.6;14.176;113.7;4.286;1722.7;102.3;1.979;1722.7;98
Venezuela;23;15.901;16.346;749.3;4495.6;15.987;114;4.124;1722.7;104.4;1.887;1722.7;76
Venezuela;23;16.379;17.094;963.3;3639.3;16.509;113.1;4.424;1636.5;101.6;1.695;1636.5;123
Venezuela;23;17.291;17.747;1070.4;4281.6;17.369;113.8;4.446;1722.7;102.9;1.753;1722.7;79
Venezuela;23;17.786;18.439;1070.4;3639.3;17.926;112.1;4.299;1636.5;101.2;1.62;1636.5;112
Venezuela;23;20.262;20.909;1070.4;4495.6;20.405;114.7;4.699;1722.7;103.5;1.701;1722.7;112
Venezuela;23;23.392;23.848;856.3;4602.7;23.47;113.1;4.731;1722.7;103;1.846;1722.7;79
Venezuela;24;7.313;1.632;1211;3860.1;0.94;109.3;4.355;1378.1;99;1.535;1378.1;156
Venezuela;24;1.748;2.745;1135.3;3481.6;1.962;108.2;4.338;1464.3;95.4;1.637;1464.3;171
Venezuela;24;2.999;3.815;1059.6;3633;3.233;107.7;4.365;1378.1;96.1;1.665;1378.1;141
Venezuela;24;4.621;5.331;983.9;3330.3;4.772;105.8;4.081;1292;97.2;1.674;1292;122
Venezuela;24;3.794;4.578;832.6;3557.3;4.058;106.2;4.365;1378.1;94;1.746;1378.1;135
Venezuela;24;11.485;12.11;1059.6;3633;11.651;111.8;4.406;1378.1;101.1;1.51;1378.1;108
Venezuela;24;15.673;16.362;1135.3;3708.7;15.888;109;4.305;1292;99.2;1.492;1292;119
Venezuela;24;19.72;20.432;1424.2;3598.1;19.899;106.2;4.16;1464.3;96;1.133;1464.3;122
Venezuela;24;24.374;25.138;1274.3;3598.1;24.567;107.5;4.521;1378.1;96.2;1.68;1378.1;132
Venezuela;24;26.662;27.225;1199.4;3598.1;26.854;107.7;4.048;1378.1;96.5;1.693;1378.1;96
Venezuela;24;28.716;29.187;1274.3;3673;28.938;107.7;4.305;1378.1;96.7;1.465;1378.1;82
Venezuela;24;29.202;29.824;1274.3;3748;29.402;108.9;4.369;1378.1;97.9;1.399;1378.1;107
Venezuela;24;34.654;35.464;1124.4;3373.2;34.859;108.8;4.275;1464.3;95.5;1.712;1464.3;140
Venezuela;24;36.873;37.45;1049.4;3373.2;37.082;110.9;4.182;1378.1;98.8;1.634;1378.1;99
Venezuela;24;38.889;39.519;824.6;3448.2;39.12;112.5;4.245;1292;99.6;1.54;1292;108
Venezuela;24;47.612;48.227;974.5;3673;47.827;111;4.095;1292;98.5;1.531;1292;105
Venezuela;24;55.167;55.834;1049.4;3523.1;55.322;111.4;4.229;1464.3;99.7;1.446;1464.3;115
Venezuela;24;59.303;59.963;899.5;3448.2;59.46;110.9;4.3;1464.3;99.6;1.5;1464.3;113
Venezuela;24;61.516;62.063;1349.3;3748;61.724;111;4.113;1378.1;99.9;662;1378.1;94
Venezuela;25;1.102;1.569;906.2;3212.9;1.125;115.1;3.864;2906.2;103.4;1.845;2906.2;88
Venezuela;25;2.248;2.797;741.4;3789.5;2.469;118.4;4.386;3281.2;108;1.751;3281.2;103
Venezuela;25;10.736;11.321;1147.8;3771.2;10.763;115.5;4.464;3375;106.3;1.801;3375;109
Venezuela;25;11.508;12.1;1065.8;3853.2;11.605;114.4;4.161;1500;101.4;1.816;1500;111
Venezuela;25;14.379;14.89;1311.7;3525.3;14.432;112.9;3.933;1500;102.4;1.815;1500;95
Venezuela;25;16.19;16.857;1065.8;3279.3;16.245;112.6;4.131;3000;101.8;1.611;3000;125
Venezuela;25;18.135;18.602;1065.8;3279.3;18.171;111.1;3.963;3000;101.6;1.985;3000;87
Venezuela;25;20.047;20.657;1247.8;3577.1;20.16;108.7;3.899;3187.5;97.1;1.373;3187.5;115
Venezuela;25;22.738;23.342;998.3;3327.6;22.763;110;4.294;1406.2;100.4;1.029;1406.2;113
Venezuela;25;25.734;26.014;1164.6;3577.1;25.771;113.9;3.544;3093.8;105.1;1.71;3093.8;52
Venezuela;25;26.016;26.452;1164.6;3327.6;26.037;112.2;3.958;2906.2;103.4;2.238;2906.2;81
Venezuela;25;32.233;32.837;1247.8;3826.7;32.304;115.2;4.247;1593.8;103;1.59;1593.8;114
Venezuela;25;36.685;37.295;1081.5;3826.7;36.784;116.3;4.359;3375;107.7;1.356;3375;114
Venezuela;25;37.322;37.627;915.1;3161.2;37.349;111.2;04.06;3000;102;1.745;3000;58
Venezuela;25;39.837;40.441;915.1;3493.9;39.963;117;4.207;3375;104.7;1.614;3375;113
Venezuela;25;40.497;41.145;831.9;3577.1;40.539;112.4;4.503;3000;102.1;1.776;3000;121
Venezuela;25;45.799;46.291;1164.6;3493.9;45.867;112.1;4.022;1406.2;101.8;1.511;1406.2;92
Venezuela;26;334;1.462;310.6;5046.7;580;118.5;5.273;1550.4;104;1.934;1550.4;194
Venezuela;26;3.634;4.845;0;4580.8;3.994;120.4;5.077;3014.6;104.8;1.76;3014.6;208
Venezuela;26;6.725;7.853;232.9;4580.8;6.85;122;5.14;3359.2;107;1.785;3359.2;194
Venezuela;26;9.733;10.568;388.2;4503.2;9.793;121.9;5.077;1464.3;106.7;1.765;1464.3;144
Venezuela;26;12.531;13.116;232.9;4347.9;12.556;116.9;4.946;3100.8;106;1.849;3100.8;101
Venezuela;26;15.706;16.834;388.2;3493.8;16.028;120.9;4.804;1550.4;107.4;1.61;1550.4;194
Venezuela;26;70.477;72.498;97;3944.7;71.454;113;4.909;1636.5;99.8;1.697;1636.5;348
Venezuela;26;74.351;78.392;95;3135.6;76.73;111.8;4.634;1550.4;99.4;1.47;1550.4;696
Venezuela;26;18.839;19.883;310.6;3804.4;18.918;113.7;4.914;3100.8;103.9;2.242;3100.8;180
Venezuela;26;21.095;22.306;310.6;4037.3;21.328;118.7;4.951;3014.6;105.4;1.75;3014.6;209
Venezuela;26;24.478;24.938;467;3882;24.584;115.1;4.912;1550.4;104.7;2.161;1550.4;79
Venezuela;27;863;1.319;854;3659.4;888;102.3;4.707;3273;90.6;1.925;3273;79
Venezuela;27;2.527;2.936;656.8;4128.5;2.601;103.5;4.774;1636.5;94.3;1.983;1636.5;70
Venezuela;27;3.422;3.595;469.1;3002.6;3.448;94.9;4.319;1636.5;85.9;1.528;1636.5;30
Venezuela;27;4.756;5.133;93.8;3565.5;4.83;104.1;4.683;1636.5;94.1;1.42;1636.5;65
Venezuela;27;5.369;5.463;93.8;3284;5.381;88.3;4.327;1292;76.3;3.359;1292;17
Venezuela;27;4.477;4.704;518;3107.7;4.621;95.2;3.739;1464.3;86.4;1.437;1464.3;63
Venezuela;27;5.181;5.492;148;3847.7;5.259;97;4.512;1464.3;85.7;1.625;1464.3;42
Venezuela;27;4.477;643;518;3107.7;4.754;97;3.739;1464.3;86.4;1.437;1464.3;67
Venezuela;27;5.181;5.492;148;3847.7;5.259;97;4.512;1464.3;85.7;1.625;1464.3;46
Venezuela;27;12.134;12.652;187.7;3565.5;12.249;102.2;4.734;1636.5;92.2;1.367;1636.5;89
Venezuela;28;2.308;3.718;194.3;3302.6;2.461;107.1;4.651;1808.8;95.1;1.419;1808.8;243
Venezuela;28;6.796;7.501;643;3302.6;7.036;106.5;4.714;1808.8;95.8;1.504;1808.8;122
Venezuela;28;13.912;15.771;644;3885.5;15.65;113.8;4.887;1808.8;99.6;1.948;1808.8;320
Venezuela;28;19.81;20.323;97.1;3691.2;19.865;108.8;4.743;1808.8;96.4;1.931;1808.8;88
Venezuela;28;25.772;27.311;754;3691.2;25.913;113.7;4.925;1808.8;101.6;1.622;1808.8;265
Venezuela;28;4.477;4.704;518;3107.7;4.621;95.2;3.739;1464.3;86.4;1.437;1464.3;67
Venezuela;28;5.181;5.492;148;3847.7;5.259;97;4.512;1464.3;85.7;1.625;1464.3;100
Venezuela;28;33.529;34.491;574;3302.6;33.53;107.8;4.66;1550.4;99.3;2.021;1550.4;166
Venezuela;28;37.44;38.979;194.3;3691.2;37.732;109.8;4.761;1550.4;96.9;1.49;1550.4;265
Venezuela;29;1.129;4.391;185.3;3520.6;2.345;122.6;4.829;1722.7;103.9;2.428;1722.7;562
Venezuela;29;9.033;13.048;453;3335.3;12.788;120.3;4.828;1550.4;99.9;1.666;1550.4;691
Venezuela;29;17.314;20.199;185.3;3520.6;17.734;118.7;4.754;1550.4;101.4;1.43;1550.4;497
Venezuela;29;24.214;27.727;567;3520.6;27.69;119.1;4.628;1550.4;101.6;1.542;1550.4;605
Venezuela;29;32.871;35.756;743.3;3705.9;33.338;120.8;4.811;1722.7;105;1.331;1722.7;497
Venezuela;29;40.273;42.657;456;3613.2;41.233;115.8;4.817;1464.3;100.8;1.761;1464.3;411
Venezuela;29;63.609;66.243;277.9;3798.5;65.167;114.6;4.834;1808.8;102.5;1.739;1808.8;454
Venezuela;29;23.943;25.928;732;4025.7;24.602;116.3;4.771;1722.7;103.3;1.482;1722.7;342
Venezuela;29;69.882;72.516;92.6;3427.9;72.121;114;4.747;1636.5;101.2;1.411;1636.5;454
Venezuela;29;75.778;80.295;853;3242.6;77.88;116.8;4.725;1550.4;101.4;1.827;1550.4;778
Venezuela;30;1.63;1.833;346.3;4848.7;2.229;108.8;4.799;3186.9;93.8;1.916;3186.9;193
Venezuela;30;3.611;4.154;230.9;4156;3.616;111.4;4.777;1550.4;100.1;2.003;1550.4;93
Venezuela;30;4.794;5.848;1039;5195;5.039;112.8;4.891;1722.7;97.8;1.771;1722.7;182
Venezuela;30;6.807;7.83;578;4271.5;7.32;110.9;4.914;1550.4;96;2.142;1550.4;176
Venezuela;30;8.437;9.236;692.7;6234;8.586;116.8;4.651;1550.4;104;1.768;1550.4;137
Venezuela;30;10.322;11.153;987;6003.1;10.437;118.5;5.089;1722.7;106;1.825;1722.7;143
Venezuela;30;12.336;13.326;876;5310.5;12.643;112.5;05.07;3186.9;96.6;2.424;3186.9;171
Venezuela;30;14.029;14.956;346.3;5079.6;14.106;114;4.926;1464.3;100.1;2.364;1464.3;160
Venezuela;30;16.394;17.385;230.9;5425.9;16.562;116.6;4.819;3703.7;103.7;1.741;3703.7;170
Venezuela;30;18.599;19.622;535.2;5656.8;18.64;116.6;4.933;1550.4;104.7;2.291;1550.4;177
Costa Rica;31;4.18;1.671;456;5415.8;580;118.5;5.387;1550.4;104;1.999;1550.4;216
Costa Rica;31;3.759;4.929;483.6;5705.9;3.994;120.3;5.26;3014.6;104.8;2.052;3014.6;202
Costa Rica;31;6.6;8.271;274.5;5415.8;6.85;122.1;5.188;3359.2;107;2.024;3359.2;288
Costa Rica;31;9.733;10.693;677;6092.8;9.793;122.2;5.194;1464.3;106.7;1.826;1464.3;166
Costa Rica;31;12.323;13.409;193.4;6092.8;12.37;121.5;5.39;1464.3;106.2;1.652;1464.3;187
Costa Rica;31;15.831;16.959;483.6;5609.2;16.028;121.5;5.283;1550.4;107.4;1.704;1550.4;194
Costa Rica;31;18.505;19.131;274.5;5319.1;18.918;116.8;5.101;3100.8;103.9;1.924;3100.8;108
Costa Rica;31;24;22.39;543;5609.2;21.328;118.8;5.477;3014.6;105.4;1.76;3014.6;232
Costa Rica;31;24.019;25.355;568;4255.3;24.584;117.9;5.168;1550.4;104.7;1.766;1550.4;246
Costa Rica;31;21.095;22.39;456;5609.2;21.328;118.8;5.477;3014.6;105.4;1.76;3014.6;223
Costa Rica;31;24.019;25.355;327;4255.3;24.584;117.9;5.168;1550.4;104.7;1.766;1550.4;230
Costa Rica;32;132;686;378.5;4069.3;192;113;4.858;1894.9;101.1;1.577;1894.9;96
Costa Rica;32;1.055;1.635;189.3;4258.6;1.277;111;5.023;3186.9;100.8;1.773;3186.9;100
Costa Rica;32;3.429;3.93;45;4637.1;3.489;116.2;4.97;3617.6;103.1;2.072;3617.6;87
Costa Rica;32;4.168;4.563;547;3312.2;4.238;109.6;4.317;3186.9;101.1;1.634;3186.9;69
Costa Rica;32;6.621;7.122;675;4069.3;6.838;117;4.476;3876;102.6;1.923;3876;86
Costa Rica;32;7.465;7.86;678;3880;7.488;107.3;4.731;1464.3;100.1;1.673;1464.3;69
Costa Rica;32;7.008;8.876;549;3842.7;7.018;109.8;4.637;1722.7;97.5;1.524;1722.7;322
Costa Rica;32;10.161;12.263;457.5;3751.2;10.339;108.9;4.736;1636.5;95.4;1.515;1636.5;362
Costa Rica;32;9.153;10.05;479;3785.4;9.433;115.4;5.042;3359.2;102.9;1.783;3359.2;155
Costa Rica;32;12.371;13.004;662.4;3880;12.69;117.9;4.734;3876;105;1.594;3876;109
Costa Rica;32;13.294;13.69;757.1;3217.6;13.357;108.9;3.857;1464.3;98;1.864;1464.3;68
Costa Rica;32;15.642;16.116;456;4353.2;15.824;114.4;4.642;3789.8;102.6;2.035;3789.8;82
Costa Rica;33;132;686;378.5;4069.3;192;113;4.858;1894.9;101.1;1.577;1894.9;96
Costa Rica;33;1.055;1.635;189.3;4258.6;1.277;111;5.023;3186.9;100.8;1.773;3186.9;100
Costa Rica;33;3.429;3.93;45;4637.1;3.489;116.2;4.97;3617.6;103.1;2.072;3617.6;87
Costa Rica;33;4.168;4.563;547;3312.2;4.238;109.6;4.317;3186.9;101.1;1.634;3186.9;69
Costa Rica;33;6.621;7.122;675;4069.3;6.838;117;4.476;3876;102.6;1.923;3876;86
Costa Rica;33;7.465;7.86;678;3880;7.488;107.3;4.731;1464.3;100.1;1.673;1464.3;69
Costa Rica;33;7.008;8.876;549;3842.7;7.018;109.8;4.637;1722.7;97.5;1.524;1722.7;322
Costa Rica;33;10.161;12.263;457.5;3751.2;10.339;108.9;4.736;1636.5;95.4;1.515;1636.5;362
Costa Rica;33;9.153;10.05;479;3785.4;9.433;115.4;5.042;3359.2;102.9;1.783;3359.2;155
Costa Rica;33;12.371;13.004;662.4;3880;12.69;117.9;4.734;3876;105;1.594;3876;109
Costa Rica;33;13.294;13.69;757.1;3217.6;13.357;108.9;3.857;1464.3;98;1.864;1464.3;68
Costa Rica;33;15.642;16.116;456;4353.2;15.824;114.4;4.642;3789.8;102.6;2.035;3789.8;82
Costa Rica;34;9;1.869;422.4;3717.2;1.254;104.4;4.089;1636.5;93.2;1.565;1636.5;181
Costa Rica;34;3.971;5.723;760.3;3632.8;3.982;108.7;4.573;1636.5;94.9;1.555;1636.5;301
Costa Rica;34;27.213;28.498;183;3842.7;27.98;114.2;4.129;1722.7;101;1.391;1722.7;222
Costa Rica;34;30.717;33.754;183;4757.7;31.597;118.5;3.814;1722.7;107.1;1.933;1722.7;523
Costa Rica;34;6.424;8.76;844.8;3717.2;7.018;110.9;4.502;1722.7;97.5;1.354;1722.7;402
Costa Rica;34;10.044;11.796;675.9;3717.2;10.13;109.9;4.655;1722.7;95.6;1.515;1722.7;302
Costa Rica;34;12.731;14.95;84.5;3548.3;13.05;117.2;4.476;1722.7;100.8;176;1722.7;382
Costa Rica;34;17.286;19.271;337.9;3801.7;18.332;118.4;4.689;1722.7;104.5;1.282;1722.7;342
Costa Rica;34;20.556;22.308;84.5;3886.2;20.921;116;4.812;1722.7;101.6;864;1722.7;301
Costa Rica;34;23.476;24.994;422.4;3801.7;24.602;117.6;4.449;1722.7;103.3;1.483;1722.7;261
Costa Rica;34;26.629;28.965;422.4;4139.7;27.98;115.1;4.796;1722.7;101;1.388;1722.7;402
Costa Rica;34;31.067;33.286;84.5;4646.6;31.597;118.5;4.885;1722.7;107.1;742;1722.7;383
Costa Rica;34;35.155;36.673;455;3970.7;35.852;110.2;4.436;1636.5;97.6;1.126;1636.5;261
Costa Rica;35;1.23;2.648;1429.2;6839.6;1.649;122.2;5.278;3273;109.7;1.969;3273;245
Costa Rica;35;3.736;05.06;204.2;5512.5;4.168;123.2;5.353;3273;109.7;1.503;3273;228
Costa Rica;35;6.715;7.803;306.2;5206.2;7.14;123.1;5.359;1722.7;111.2;1.876;1722.7;188
Costa Rica;35;11.68;13.099;612.5;5206.2;12.219;125.4;5.158;3359.2;110.8;1.728;3359.2;244
Costa Rica;35;16.788;17.733;714.6;5206.2;16.858;123.4;5.14;3186.9;109.6;1.921;3186.9;163
Costa Rica;35;4.18;1.671;456;5415.8;580;118.5;5.387;1550.4;104;1.999;1550.4;87
Costa Rica;35;21.375;22.226;510.4;5308.3;21.467;123.6;5.29;3100.8;110.5;1.833;3100.8;146
Costa Rica;35;27.097;27.664;306.2;4491.7;27.365;118.7;5.271;3273;107.8;1.532;3273;98
Costa Rica;35;26.103;26.529;918.8;4900;26.291;122.8;4.828;3186.9;109.3;1.794;3186.9;74
Costa Rica;35;27.097;27.664;306.2;4491.7;27.365;118.7;5.271;3273;107.8;1.532;3273;98
Costa Rica;35;40.479;41.141;816.7;4389.6;40.739;120.5;4.797;3359.2;108.5;1.54;3359.2;114
Costa Rica;36;1.689;2.689;280.3;4578.2;1.927;115.7;4.068;1636.5;101.7;1.575;1636.5;173
Costa Rica;36;4.447;5.481;560.6;3924.2;4.986;117.7;4.499;1550.4;105;1.675;1550.4;178
Costa Rica;36;6.584;7.17;467.2;3924.2;6.751;105.4;4.569;1550.4;94.8;1.525;1550.4;101
Costa Rica;36;7.756;8.618;186.9;3924.2;7.935;107.4;4.843;1550.4;96;1.442;1550.4;148
Costa Rica;36;8.652;9.066;934.3;3270.1;8.742;108.2;3.652;1636.5;98.5;1.375;1636.5;71
Costa Rica;36;10.41;11.238;467.2;3176.7;10.762;103.5;4.577;2239.5;91.6;1.297;2239.5;142
Costa Rica;36;27.097;27.664;306.2;4491.7;27.365;118.7;5.271;3273;107.8;1.532;3273;98
Costa Rica;36;14.857;15.237;560.6;3550.4;14.861;102.7;4.051;1550.4;93.6;2.726;1550.4;65
Costa Rica;36;19.201;19.752;280.3;3363.6;19.313;99.9;4.334;1808.8;87.3;1.305;1808.8;95
Costa Rica;36;22.855;23.441;280.3;3830.7;22.935;106.9;4.494;1550.4;94.8;2.229;1550.4;101
Costa Rica;36;26.647;27.302;560.6;4111;26.651;105.5;4.464;1636.5;95.7;2.172;1636.5;113
Costa Rica;36;29.956;30.783;186.9;3924.2;30.244;106.8;4.69;1550.4;95.3;1.6;1550.4;142
Costa Rica;37;7.47;2.195;606.9;3742.4;1.039;114.5;4.649;1636.5;100.5;1.401;1636.5;250
Costa Rica;37;3.176;3.876;101.1;3843.6;3.222;111.5;4.207;1464.3;100.6;1.81;1464.3;120
Costa Rica;37;5.324;5.978;606.9;3641.3;5.335;109.6;4.384;1464.3;96.2;2.218;1464.3;112
Costa Rica;37;7.799;8.5;563;3944.7;7.819;112.7;4.658;1636.5;99.1;1.851;1636.5;121
Costa Rica;37;1.23;2.648;1429.2;6839.6;1.649;122.2;5.278;3273;109.7;1.969;3273;245
Costa Rica;37;3.736;05.06;204.2;5512.5;4.168;123.2;5.353;3273;109.7;1.503;3273;228
Costa Rica;37;9.107;9.808;353;3439;9.485;107.5;4.279;2928.5;95.8;1.683;2928.5;121
Costa Rica;37;10.555;11.582;765;3439;10.675;114.4;4.293;1636.5;101.9;1.479;1636.5;177
Costa Rica;37;12.797;13.637;456;3439;13.015;113.3;4.712;1550.4;101.4;1.833;1550.4;145
Costa Rica;37;14.525;15.505;202.3;2933.3;14.971;110.3;4.408;1550.4;99.4;1.223;1550.4;169
Costa Rica;37;16.299;16.72;505.7;3337.8;16.353;109.2;4.259;1550.4;96.6;1.982;1550.4;73
Costa Rica;37;17.327;18.167;101.1;3034.4;17.363;110.2;4.243;1550.4;95.8;1.369;1550.4;145
Costa Rica;38;33;1.433;205;5292.8;757;114.5;5.084;1593.8;100.6;1.484;1593.8;210
Costa Rica;38;3.053;3.521;365;3741.4;3.168;110.7;4.435;1593.8;102.1;1.423;1593.8;88
Costa Rica;38;5.577;6.324;182.5;3832.7;5.717;113.6;4.448;1593.8;102.3;1.371;1593.8;140
Costa Rica;38;04.05;4.424;175;3650.2;4.059;99.3;4.712;1500;87.3;2.708;1500;70
Costa Rica;38;5.577;563;754;3832.7;5.717;113.6;4.448;1593.8;102.3;1.371;1593.8;140
Costa Rica;38;5.577;6.324;182.5;3832.7;5.717;113.6;4.448;1593.8;102.3;1.371;1593.8;140
Costa Rica;38;6.761;7.321;182.5;3285.2;7.051;103.5;4.571;1500;92.1;02.03;1500;105
Costa Rica;38;8.63;9.315;547.5;3558.9;8.848;114.6;4.107;1593.8;101.1;1.379;1593.8;128
Costa Rica;38;9.907;10.406;273.8;3832.7;10.064;103.8;4.625;1593.8;91.7;2.303;1593.8;94
Costa Rica;38;11.527;12.244;432;3558.9;11.712;112.1;4.316;1593.8;99.8;1.431;1593.8;134
Costa Rica;38;13.957;14.892;365;5475.3;14.155;113;5.215;1593.8;100;1.461;1593.8;175
Costa Rica;38;16.575;17.26;424;3011.4;16.667;112.9;4.093;1593.8;103.5;1.26;1593.8;129
Costa Rica;38;312;1.433;638.8;3558.9;19.205;112.1;4.222;1875;98.9;1.564;1875;152
Costa Rica;39;263;657;425;4217.6;406;95.5;4.704;1550.4;82.7;1.783;1550.4;68
Costa Rica;39;2.053;2.28;739.9;4069.6;2.148;94.1;4.388;1550.4;82.5;1.592;1550.4;39
Costa Rica;39;2.053;3.52;739.9;5252.2;2.148;94.1;4.388;1550.4;82.5;1.592;1550.4;44
Costa Rica;39;2.853;3.176;665.9;4957.6;3.007;94.5;4.559;3186.9;83.8;1.507;3186.9;56
Costa Rica;39;2.053;2.28;739.9;4069.6;2.148;94.1;4.388;1550.4;82.5;1.592;1550.4;79
Costa Rica;39;3.963;4.178;678;3551.7;4.063;93.7;4.072;1464.3;85.3;1.471;1464.3;37
Costa Rica;39;4.477;4.704;518;3107.7;4.621;95.2;3.739;1464.3;86.4;1.437;1464.3;57
Costa Rica;39;7.851;8.225;3399.1;6489.3;8.011;98.9;4.658;6000;81.7;3.192;6000;36
Costa Rica;39;4.477;4.704;518;3107.7;4.621;95.2;3.739;1464.3;86.4;1.437;1464.3;39
Costa Rica;39;5.181;5.492;148;3847.7;5.259;97;4.512;1464.3;85.7;1.625;1464.3;54
Costa Rica;39;5.874;5.993;370;3699.7;5.898;90.7;4.308;2928.5;81.4;2.363;2928.5;21
Costa Rica;40;4.36;8.1;309;4635.2;757;113.6;4.926;1593.8;100.6;1.481;1593.8;70
Costa Rica;40;19;16.3;578;3085.2;16.7;107.2;3.435;1662;98;1.253;1550.4;46
Costa Rica;40;16.372;16.906;363;2994.4;16.393;110.1;4.033;1550.4;99.9;1.313;1550.4;92
Costa Rica;40;5.514;7.072;206;3193.1;5.717;115.1;4.525;1593.8;102.3;1.288;1593.8;293
Costa Rica;40;5.874;5.993;370;3699.7;5.898;90.7;4.308;2928.5;81.4;2.363;2928.5;21
Costa Rica;40;7.851;8.225;3399.1;6489.3;8.011;98.9;4.658;6000;81.7;3.192;6000;70
Costa Rica;40;8.786;9.347;103;2884.1;8.848;112.1;3.905;1593.8;101.1;1.258;1593.8;105
Costa Rica;40;10.001;10.437;2163.1;6283.3;10.08;100.7;5.034;3093.8;82.7;2.64;3093.8;81
Costa Rica;40;11.714;11.87;2369.1;6283.3;11.723;98.5;4.884;3093.8;89;3.286;3093.8;29
Costa Rica;40;27.097;27.664;306.2;4491.7;27.365;118.7;5.271;3273;107.8;1.532;3273;98
Costa Rica;40;12.649;13.085;1957.1;6489.3;12.741;99.8;4.973;5812.5;84.2;3.637;5812.5;82
Costa Rica;40;13.802;14.3;2781.1;6798.3;14.293;101.5;4.845;3281.2;87.1;1.847;3281.2;94
Ecuador;41;1.438;2.804;602.5;5060.7;1.927;115.9;4.439;1636.5;101.7;1.489;1636.5;236
Ecuador;41;4.422;4.889;169;5060.7;4.499;106.4;4.82;1550.4;95.6;1.685;1550.4;81
Ecuador;41;5.249;5.932;134;4217.2;5.445;105;4.451;3014.6;93.5;2.105;3014.6;117
Ecuador;41;6.651;7.334;241;4096.7;6.751;105.4;4.764;1550.4;94.8;1.526;1550.4;118
Ecuador;41;7.765;8.592;120.5;3735.2;7.935;107.3;4.851;1550.4;96;1.44;1550.4;143
Ecuador;41;8.844;9.275;120.5;3614.8;8.945;101.6;04.07;3186.9;89.9;2.157;3186.9;74
Ecuador;41;10.461;11.288;345;3855.7;10.762;104.3;4.931;2239.5;91.6;1.3;2239.5;142
Ecuador;41;14.704;15.315;120.5;4699.2;14.861;104.5;4.819;1550.4;93.6;1.862;1550.4;106
Ecuador;41;19.377;20.024;120.5;3253.3;19.383;95.7;4.474;1722.7;82.5;2.453;1722.7;111
Ecuador;41;34.764;35.231;679;3735.2;34.766;103.7;4.248;3014.6;92.8;2.289;3014.6;81
Ecuador;41;35.77;36.166;567;4699.2;35.927;97.1;4.279;3273;85.1;2.322;3273;68
Ecuador;42;1.868;2.651;289.2;6434.3;2.078;111.4;5.186;1636.5;101.8;1.376;1636.5;135
Ecuador;42;07.05;7.291;361.5;3542.5;7.053;97.7;4.504;1636.5;87.6;2.563;1636.5;41
Ecuador;42;10.032;10.876;433.8;5494.4;10.379;114.2;4.655;1722.7;104.7;1.267;1722.7;145
Ecuador;42;18.739;18.919;361.5;3759.3;18.779;95.7;4.218;1550.4;85.6;2.451;1550.4;31
Ecuador;42;20.908;21.661;578.4;4193.1;21.2;111.9;4.221;1550.4;103.1;1.266;1550.4;130
Ecuador;42;15.464;15.731;544.4;3085.2;15.505;107.2;3.435;1550.4;98;1.253;1550.4;46
Ecuador;42;16.372;16.906;363;2994.4;16.393;110.1;4.033;1550.4;99.9;1.313;1550.4;92
Ecuador;42;15.464;18;672;3085.2;18;107.2;5;1550.4;98;1.253;1550.4;46
Ecuador;42;16.372;16.906;363;2994.4;16.393;110.1;4.033;1550.4;99.9;1.313;1550.4;92
Ecuador;42;30.066;30.548;361.5;3687;30.157;109.3;4.246;1722.7;99.3;1.419;1722.7;83
Ecuador;43;02.03;2.804;272.2;3720.4;2.583;109.5;4.028;1550.4;98.5;1.367;1550.4;134
Ecuador;43;3.686;4.54;272.2;2177.8;3.762;112.7;3.767;1550.4;100.3;1.244;1550.4;148
Ecuador;43;6.276;6.917;998.1;2540.7;6.281;108.3;2.847;1550.4;97.8;1.25;1550.4;110
Ecuador;43;7.959;8.867;635.2;3538.9;7.97;112.9;4.129;1636.5;102.3;1.338;1636.5;156
Ecuador;43;10.069;10.603;453.7;3085.2;10.461;106.7;3.781;1550.4;94.2;1.262;1550.4;92
Ecuador;43;11.965;12.767;907.4;2994.4;11.976;112.6;3.253;1636.5;102.3;1.243;1636.5;138
Ecuador;43;13.835;14.583;363;2994.4;13.903;112.7;3.577;1636.5;101.3;1.291;1636.5;189
Ecuador;43;15.464;15.731;544.4;3085.2;15.505;107.2;3.435;1550.4;98;1.253;1550.4;46
Ecuador;43;16.372;16.906;363;2994.4;16.393;110.1;4.033;1550.4;99.9;1.313;1550.4;92
Ecuador;43;24.5;24;432;3252;13;117;7;1145;84;1.2;3134.5;94
Ecuador;43;15.464;15.731;544.4;3085.2;15.505;107.2;3.435;1550.4;98;1.253;1550.4;46
Ecuador;43;16.372;16.906;363;2994.4;16.393;110.1;4.033;1550.4;99.9;1.313;1550.4;92
Ecuador;44;1.324;1;844.8;844.8;1.324;65.6;5.32;861.3;68.6;1;861.3;1
Ecuador;44;11.147;11.689;780.5;3317.3;11.157;100.1;4.325;1378.1;93.5;2.079;1378.1;
Ecuador;44;1.016;1.231;1098.3;5491.4;1.056;114.5;4.194;1464.3;104.3;1.669;1464.3;38
Ecuador;44;2.76;3.171;1098.3;5237.9;2.879;115.5;4.615;1550.4;104.4;2.066;1550.4;71
Ecuador;44;42;3.171;1098.3;5237.9;2.879;115.5;4.615;1550.4;104.4;2.066;1550.4;71
Ecuador;44;4.751;5.171;591.4;3970.7;4.824;112.8;4.523;1464.3;102.8;1.998;1464.3;72
Ecuador;44;3;3.171;1093;5237.9;2.879;115.5;4.615;1550.4;104.4;2.066;1550.4;71
Ecuador;44;6.731;7.347;337.9;5237.9;6.769;113.5;4.588;1636.5;101.4;1.982;1636.5;106
Ecuador;44;7.644;8.013;675.9;4731;7.668;107.5;4.452;1550.4;95.7;1.728;1550.4;64
Ecuador;44;8.957;9.501;506.9;5406.9;9.033;114.8;4.894;3531.4;104.5;1.651;3531.4;93
Ecuador;45;1.127;1.932;846.2;3384.7;1.428;112;4.568;1378.1;100;1.271;1378.1;138
Ecuador;45;2.979;4.509;1194.6;3135.8;3.088;115.4;4.159;1378.1;104.7;1.255;1378.1;263
Ecuador;45;5.556;6.441;995.5;3086;5.77;110;4.12;1378.1;100.6;1.617;1378.1;152
Ecuador;45;7.166;8.696;547.5;3334.9;7.477;112.6;4.601;1464.3;100.6;1.445;1464.3;263
Ecuador;45;10.87;12.158;1045.3;3135.8;11.047;118;4.155;1378.1;106;1.282;1378.1;222
Ecuador;45;18.438;20.048;945.7;3086;18.646;116.9;4.225;1464.3;105.8;1.316;1464.3;277
Ecuador;45;22.786;24.557;746.6;3086;24.352;113.2;4.442;1464.3;100.9;1.352;1464.3;305
Ecuador;45;27.053;28.744;846.2;3086;27.852;113.2;4.278;1378.1;100.5;1.401;1378.1;291
Ecuador;45;30.999;32.77;547.5;2837.1;32.763;111.9;4.302;1808.8;99.9;1.241;1808.8;306
Ecuador;45;36.313;38.084;696.8;3135.8;36.618;118.2;4.392;1464.3;106.2;1.225;1464.3;305
Ecuador;46;1.736;3.098;448.2;4750.6;1.945;114.3;4.25;1636.5;102.4;1.325;1636.5;234
Ecuador;46;3.926;4.674;268.9;4033.5;4.36;108.4;4.267;1550.4;97.5;1.344;1550.4;129
Ecuador;46;5.208;5.796;123;3226.8;5.23;94;4.401;1550.4;77.7;2.703;1550.4;101
Ecuador;46;6.223;7.131;179.3;4033.5;6.235;111;4.303;1550.4;101.3;1.333;1550.4;156
Ecuador;46;7.959;8.867;179.3;4212.8;7.97;112.9;4.391;1636.5;102.3;1.374;1636.5;156
Ecuador;46;9.962;10.817;621;4840.2;9.973;112.6;4.455;1636.5;101.3;1.427;1636.5;147
Ecuador;46;12.286;13.301;257;4392.1;12.649;107.5;4.441;1550.4;95.4;1.422;1550.4;175
Ecuador;46;13.942;14.903;448.2;3854.3;13.955;110.8;3.976;1550.4;98.6;1.418;1550.4;166
Ecuador;46;16.319;17.708;543;3226.8;16.393;113.5;4.347;1550.4;99.9;1.327;1550.4;239
Ecuador;46;18.669;20.165;673;4571.3;20.137;112.4;4.635;1722.7;99.5;1.394;1722.7;257
Ecuador;47;1.687;2.681;195.1;5268.6;2.078;111.4;4.859;1636.5;101.8;1.372;1636.5;171
Ecuador;47;6.778;7.411;195.1;3414.8;07.03;105.9;4.581;1636.5;99.6;1.36;1636.5;109
Ecuador;47;10.243;10.876;878.1;4292.9;10.379;114.1;4.349;1722.7;104.7;1.25;1722.7;109
Ecuador;47;11;13;858;3202.3;18.332;117.9;4.329;1722.7;104.5;1.253;1722.7;87
Ecuador;47;11.147;11.689;780.5;3317.3;11.157;100.1;4.325;1378.1;93.5;2.079;1378.1;93
Ecuador;47;17.286;19.271;457.5;3202.3;18.332;117.9;4.329;1722.7;104.5;1.253;1722.7;342
Ecuador;47;20.673;21.841;732;3751.2;20.921;115.8;4.655;1722.7;101.6;1.308;1722.7;201
Ecuador;47;12.924;13.436;97.6;3414.8;12.957;107.6;4.744;1722.7;99.2;1.266;1722.7;88
Ecuador;47;18.618;19.281;195.1;3707.5;18.68;108;4.485;1550.4;100.5;1.378;1550.4;114
Ecuador;47;21.118;21.992;453;4292.9;21.2;112.2;4.645;1550.4;103.1;1.283;1550.4;151
Ecuador;48;1.629;2.551;830.7;3322.6;2.067;112.5;4.077;1550.4;100.4;1.273;1550.4;159
Ecuador;48;3.044;3.901;604.1;3624.7;3.582;111.1;4.11;1722.7;99.2;1.273;1722.7;148
Ecuador;48;4.18;4.887;906.2;3700.2;4.412;113.5;3.719;1378.1;101.9;1.394;1378.1;121
Ecuador;48;11.147;11.689;780.5;3317.3;11.157;100.1;4.325;1378.1;93.5;2.079;1378.1;53
Ecuador;48;5.423;5.723;302.1;3926.7;5.7;106.8;4.178;1722.7;98.6;1.436;1722.7;51
Ecuador;48;4.18;4.887;906.2;3700.2;4.412;113.5;3.719;1378.1;101.9;1.394;1378.1;121
Ecuador;48;5.24;4.887;983;3700.2;4.412;113.5;3.719;1378.1;101.9;1.394;1378.1;121
Ecuador;48;7.074;7.781;453.1;3624.7;7.239;111.2;4.444;1550.4;101.9;1.326;1550.4;122
Ecuador;48;8.896;9.56;755.1;3926.7;9.056;116.5;3.678;1378.1;104.5;1.361;1378.1;114
Ecuador;48;9.903;10.289;302.1;3473.6;9.944;106.4;3.771;1550.4;95;1.42;1550.4;67
Ecuador;48;11.296;11.961;830.7;3398.1;11.894;110.6;3.812;1464.3;98.4;1.293;1464.3;115
Ecuador;49;1.65;2.294;336.6;3871.4;2.067;110;4.371;1550.4;100.4;1.326;1550.4;111
Ecuador;49;2.572;3.387;589.1;3450.6;3.088;108.4;04.06;1550.4;96.1;1.275;1550.4;140
Ecuador;49;4.094;4.801;673.3;4123.9;4.412;113.7;4.134;1378.1;101.9;1.343;1378.1;122
Ecuador;49;5.552;6.152;84.2;3450.6;5.7;108.5;4.469;1722.7;98.6;1.357;1722.7;103
Ecuador;49;7.009;7.609;305;3198.1;7.239;110.8;4.421;1550.4;101.9;1.239;1550.4;103
Ecuador;49;8.145;8.96;252.5;3029.8;8.458;108.8;4.235;1722.7;99.3;1.214;1722.7;140
Ecuador;49;9.324;10.246;589.1;3282.3;9.369;113.6;3.689;1722.7;102.5;1.316;1722.7;159
Ecuador;49;11.146;12.389;420.8;3113.9;11.25;115.7;4.292;1378.1;105.3;1.258;1378.1;214
Ecuador;49;12.904;13.29;168.3;3703.1;12.904;96.6;4.321;1550.4;91.5;1.861;1550.4;67
Ecuador;49;13.761;14.876;84.2;3618.9;14.356;110.2;4.33;1464.3;96.6;1.368;1464.3;192
Ecuador;50;851;1.824;443.3;4488.1;1.486;106.6;5.188;1550.4;92.2;1.859;1550.4;168
Ecuador;50;2.756;3.121;292.7;4000.2;2.891;102.6;4.958;1722.7;95.4;1.853;1722.7;63
Ecuador;50;3.262;3.728;195.1;3707.5;3.367;108;4.863;1636.5;96;2.055;1636.5;81
Ecuador;50;4.012;4.438;292.7;4292.9;4.296;105.8;4.962;1808.8;94.2;2.28;1808.8;73
Ecuador;50;5.795;6.423;97.6;3707.5;5.927;113.1;4.792;3531.4;98.9;1.449;3531.4;108
Ecuador;50;7.376;7.903;97.6;3902.7;7.378;106.3;4.879;1464.3;96.5;1.7;1464.3;91
Ecuador;50;8.592;9.159;764.7;3707.5;9.056;108.8;4.887;1464.3;95.5;1.66;1464.3;97
Ecuador;50;10.01;10.902;292.7;4292.9;10.542;111.1;5.065;3186.9;97.1;1.738;3186.9;153
Ecuador;50;6.4;4.704;518;3107.7;4.621;95.2;3.739;1464.3;86.4;1.437;1464.3;124
Ecuador;50;5.181;5.492;148;3847.7;5.259;97;4.512;1464.3;85.7;1.625;1464.3;73
Ecuador;50;13.84;14.488;632;4390.5;13.99;114.7;5.083;3273;101.1;1.701;3273;111
